{
    "accuracy_score": 0.6324685318529104,
    "f1_score": 0.4900755340504395,
    "roc_auc_score": 0.6706308054356955,
    "log_loss": 0.6227450731267056
}